"summary_id","type","return_period","loss"
1,1,30,360.428162
1,1,20,282.219452
1,1,10,90.211884
1,1,5,45.688251
1,1,2,0
1,2,30,450.006836
1,2,20,283.05899
1,2,10,85.143616
1,2,5,35.261196
1,2,2,0
