"summary_id","type","return_period","loss"
1,1,30,290.15744
1,1,20,252.604279
1,1,10,46.78278
1,1,5,45.61692
1,1,2,0
1,2,30,390.677429
1,2,20,240.727402
1,2,10,78.639381
1,2,5,34.062618
1,2,2,0
